<?xml version="1.0" encoding="UTF-8" ?> 
<Module>
  <ModulePrefs title="NightLight2DFaceBookGadget" height="300" width="500" scaling="false"/> 
  <Content type="html">
     <![CDATA[ 
     <div>
     
   
<form action="https://www.paypal.com/cgi-bin/webscr" method="post">
<input type="hidden" name="cmd" value="_s-xclick">
<input type="hidden" name="hosted_button_id" value="XZ6S3ACMXYFGN">
<input type="image" src="https://www.paypalobjects.com/en_US/i/btn/btn_donate_LG.gif" border="0" name="submit" alt="PayPal - The safer, easier way to pay online!">
<img alt="" border="0" src="https://www.paypalobjects.com/en_US/i/scr/pixel.gif" width="1" height="1">
</form>


</div>
     ]]>
  </Content> 
</Module>

